Date,0
2010-01-05,-26247.158765858327
2010-01-06,1097.2734352008906
2010-01-07,-1171.0170647431141
2010-01-08,-4.036855818521143
2010-01-13,23591.619835784084
2010-01-14,-8192.675545935486
2010-01-15,-15591.5227571495
2010-01-20,-10549.56947139909
2010-01-21,1300.4242399338268
2010-01-22,23955.690709037157
2010-01-25,6838.389614921848
2010-01-26,13142.522703991726
2010-01-27,-4333.343974122009
2010-01-28,-23784.351628619315
2010-01-29,18461.80150182444
2010-02-01,3725.20115415738
2010-02-02,-7870.3261416965
2010-02-03,-17566.04558066923
2010-02-04,-12337.65181110423
2010-02-05,7470.187328217739
2010-02-08,12415.510479948985
2010-02-09,5542.60745597324
2010-02-10,-8105.0112975940165
2010-02-18,-11142.128667212482
2010-02-19,38834.29789119554
2010-02-22,-29081.21132424465
2010-02-23,-18387.333520654392
2010-02-24,8276.851867825475
2010-02-25,-8891.08586347259
2010-02-26,5577.754371000683
2010-03-01,-14515.427685856912
2010-03-02,9928.919663926914
2010-03-03,12304.678755216579
2010-03-04,1414.255833193476
2010-03-05,-2664.3790261877307
2010-03-08,-22287.696839618442
2010-03-09,-2009.010579940306
2010-03-10,7155.934215819134
2010-03-11,-5377.601281014691
2010-03-12,6194.527482386856
2010-03-15,-14818.876485327588
2010-03-16,14217.231936021064
2010-03-17,-15031.79975089424
2010-03-18,-9544.261172383893
2010-03-19,-15865.254689364518
2010-03-24,-5836.991787854225
2010-03-25,10949.182046723112
2010-03-26,-5526.02899225959
2010-03-29,1278.441865169976
2010-03-30,-13487.31064032268
2010-03-31,18680.562684272958
2010-04-01,2469.598422910094
2010-04-08,2840.844635396933
2010-04-09,8342.069032016114
2010-04-12,8943.689888219107
2010-04-13,4848.425607352025
2010-04-14,1071.7160394884352
2010-04-15,-16593.43190083256
2010-04-16,1659.044580230608
2010-04-19,15195.670306639648
2010-04-20,-1960.0803390073215
2010-04-21,-12711.285177228894
2010-04-22,-8550.356505364607
2010-04-23,21775.289747928346
2010-04-26,-10035.673256226406
2010-04-27,-23991.25752582283
2010-04-28,21503.188086411767
2010-05-07,27555.393375626925
2010-05-10,2911.532399272818
2010-05-11,-9901.164177667633
2010-05-12,1530.0933791793468
2010-05-13,-22691.00942250564
2010-05-14,-14179.928906983854
2010-05-17,25457.50735338257
2010-05-18,-22620.5217350834
2010-05-19,24564.301452883872
2010-05-20,16899.468998863158
2010-05-25,19868.495206610438
2010-05-26,-20471.300059560854
2010-05-27,12719.734291004388
2010-05-28,-17876.382922936453
2010-06-02,2085.163214816481
2010-06-03,-25172.087682787103
2010-06-04,-19756.68807570466
2010-06-07,24731.07967072033
2010-06-08,-7514.575564597372
2010-06-09,16503.639567314665
2010-06-10,1134.0108009792875
2010-06-11,-14905.047681603455
2010-06-14,9600.096346504204
2010-06-15,3156.2071989406363
2010-06-18,-3073.843276481553
2010-06-21,-26229.300188852252
2010-06-22,8041.462050005344
2010-06-23,5265.900001055401
2010-06-24,3145.1551179075495
2010-06-25,7181.417227191048
2010-06-28,-1042.3645671273152
2010-06-29,3462.03100544518
2010-06-30,21962.662636895206
2010-07-07,580.2156076505436
2010-07-08,-2073.497408762945
2010-07-09,-16610.39240764667
2010-07-12,-1777.5639426078112
2010-07-13,22813.922596001637
2010-07-14,-15568.98710208665
2010-07-15,21908.88491921643
2010-07-16,18625.48268233495
2010-07-22,20164.6146993319
2010-07-23,-14451.545466262985
2010-07-26,-1487.619053039518
2010-07-27,2850.489159689015
2010-07-28,-18804.651581027218
2010-07-29,6683.033144417963
2010-07-30,1552.8628504428916
2010-08-02,7441.860859215269
2010-08-03,-5405.744558606286
2010-08-04,5427.158068372573
2010-08-05,-16212.407419540092
2010-08-06,-8196.343503547754
2010-08-09,13979.854999301906
2010-08-10,4404.8216417690055
2010-08-11,11482.343842174596
2010-08-12,-30423.176861641954
2010-08-13,3453.9991875476912
2010-08-16,-5427.95550564325
2010-08-17,3823.8540685885073
2010-08-18,5686.8010228368175
2010-08-19,-11617.899882525018
2010-08-20,411.01828443924853
2010-08-23,-1815.0779443895756
2010-08-24,118.37134244010461
2010-08-25,-1014.5009279615989
2010-08-26,11511.312068002728
2010-08-27,-5242.776894250937
2010-08-30,5617.351376092292
2010-08-31,8020.08386607726
2010-09-01,-8313.442558407796
2010-09-02,-1672.546258456555
2010-09-03,-6293.353069721543
2010-09-08,-3560.312238737192
2010-09-09,3985.7538594431144
2010-09-10,-17227.69811213487
2010-09-13,-10498.004546574792
2010-09-14,14059.433311464212
2010-09-17,-5536.4053071466715
2010-09-22,13643.602620222404
2010-09-27,6352.966734058295
2010-09-28,6173.919667033748
2010-09-29,1955.069234384293
2010-09-30,17741.524616163035
2010-10-05,-21338.22969838243
2010-10-06,4483.026775240121
2010-10-07,11503.224052604255
2010-10-08,-3155.4060331740357
2010-10-13,1142.4235973504778
2010-10-14,-10593.284599093615
2010-10-15,15412.836280161435
2010-10-18,-7917.756566326795
2010-10-19,-7006.383135503889
2010-10-20,-9223.514940305678
2010-10-21,23760.53187296296
2010-10-22,-4604.766685014189
2010-10-25,3062.40766822343
2010-10-26,-3339.0557196029877
2010-10-27,587.4169937929364
2010-10-28,-5441.027893688646
2010-10-29,10451.81886049523
2010-11-01,6650.8202149107865
2010-11-02,-6893.822443518938
2010-11-05,-10780.29203402494
2010-11-08,-20898.6557981611
2010-11-09,-9886.308472163546
2010-11-10,-14898.317966776665
2010-11-11,-1177.7179874815743
2010-11-12,4536.866198395021
2010-11-15,10525.188528892932
2010-11-16,-1934.6518664062335
2010-11-17,4307.894625719152
2010-11-18,-15851.249800036076
2010-11-19,10187.08410459042
2010-11-22,3311.1173441798746
2010-11-29,-28541.70599170748
2010-11-30,-2465.5643833541244
2010-12-01,-21510.31431815968
2010-12-02,6374.634060963217
2010-12-03,10193.990692260302
2010-12-06,19613.750279856424
2010-12-07,-12336.273715483823
2010-12-08,884.5470306910204
2010-12-09,1191.2954666197404
2010-12-10,-1669.5852446382482
2010-12-13,-10013.701558552691
2010-12-14,15396.679985508805
2010-12-15,8387.217377731227
2010-12-16,-7806.052316764848
2010-12-17,-693.688771898164
2010-12-20,-2544.6381173275013
2010-12-21,-20871.78308590279
2010-12-22,-4859.324841047778
2010-12-29,-22520.0420566475
2010-12-30,13586.536476864989
2011-01-05,-8421.659167105523
2011-01-06,-18996.023845728498
2011-01-07,-17969.810067025497
2011-01-12,-728.5491249545012
2011-01-13,7537.465662325965
2011-01-14,24882.22336907633
2011-01-19,860.3561132794107
2011-01-20,18050.691460241094
2011-01-21,25047.75996329877
2011-01-24,11034.29047031161
2011-01-25,-4784.859432325571
2011-01-26,10431.08350876553
2011-01-27,2993.7614452843545
2011-01-28,20482.551719967665
2011-01-31,-12814.261864789214
2011-02-01,13934.608342548474
2011-02-08,2047.8288297442605
2011-02-09,12763.374357317447
2011-02-10,22894.015670459885
2011-02-15,1664.7025275674791
2011-02-16,-6867.006476714937
2011-02-17,2798.2343285465745
2011-02-18,-3458.5689926004984
2011-02-23,2653.4364697734873
2011-02-24,19141.779751535294
2011-02-25,-9514.185766519999
2011-02-28,-23370.063161316262
2011-03-01,9926.19729779028
2011-03-02,8889.459492123158
2011-03-03,-694.4908190512056
2011-03-04,18854.818025763154
2011-03-07,16920.7988858234
2011-03-08,-15967.130728724234
2011-03-09,-8713.1297804259
2011-03-10,15788.54451618684
2011-03-11,-2328.518310674223
2011-03-14,32879.35532435644
2011-03-15,68467.55641687119
2011-03-16,-31373.570945315016
2011-03-17,-4246.913699957148
2011-03-18,4227.19061378815
2011-03-23,6611.554317833086
2011-03-24,-8103.561011834469
2011-03-25,-1073.1656425587937
2011-03-28,-5220.881206348578
2011-03-29,8676.879176394408
2011-03-30,-13789.746492591486
2011-03-31,-293.957398023761
2011-04-01,6004.193516074634
2011-04-04,5721.720641454322
2011-04-07,12145.155516363277
2011-04-08,-13429.025722820988
2011-04-11,24336.48862704098
2011-04-12,7665.484820100641
2011-04-13,-5243.154487818193
2011-04-14,-4252.69446287923
2011-04-19,-13628.671639929056
2011-04-20,1773.6040757276573
2011-04-21,6628.345922606082
2011-04-27,2928.670929878268
2011-04-28,6970.347329337782
2011-05-09,-24445.166098843518
2011-05-12,-15856.622189035628
2011-05-13,2502.9940576682147
2011-05-16,-6851.375085812024
2011-05-17,3166.10988602174
2011-05-18,5797.456721486277
2011-05-19,1266.3889690499855
2011-05-20,7070.289424615761
2011-05-23,-6670.64478570486
2011-05-24,-5982.964766736256
2011-05-25,10888.251678118539
2011-05-26,-15311.567588498407
2011-05-27,-2283.517231994185
2011-06-01,20583.23379950422
2011-06-02,-2550.190016708178
2011-06-03,28807.598886015796
2011-06-08,14351.23106927217
2011-06-09,-9212.325177216784
2011-06-10,-2838.778264226173
2011-06-13,-16541.364866465865
2011-06-14,2605.8464958120708
2011-06-15,12221.736539438549
2011-06-16,-9669.363003647055
2011-06-17,11562.110396698503
2011-06-20,4172.147452936426
2011-06-21,-5483.718766060146
2011-06-22,-3017.9433220532073
2011-06-23,-8602.509772824958
2011-06-24,-11359.89550272809
2011-06-27,-8199.322251803582
2011-06-28,9865.757853503794
2011-06-29,3114.5120271714795
2011-06-30,5144.783924226061
2011-07-06,-13680.00778057285
2011-07-07,-8657.629518668358
2011-07-08,-1673.3615417661822
2011-07-11,-6804.1551437091275
2011-07-12,-499.20004748581266
2011-07-13,-20853.338356942873
2011-07-14,25682.420605569612
2011-07-15,-10836.629725963885
2011-07-20,4809.467903608387
2011-07-21,10711.815890442369
2011-07-22,932.009450587758
2011-07-25,4281.330679344412
2011-07-26,-9348.520438766413
2011-07-27,19294.134824116183
2011-07-28,-6814.154203561451
2011-07-29,-821.6078055251837
2011-08-01,-16981.22505858542
2011-08-02,7792.212151605439
2011-08-03,-7323.466029359572
2011-08-04,25330.603337378267
2011-08-05,11226.8026672887
2011-08-08,49089.35604751678
2011-08-09,1600.431686555364
2011-08-10,3794.4525644452633
2011-08-11,-37317.89814661249
2011-08-12,24117.698362600062
2011-08-15,-26069.076144330986
2011-08-16,17607.514183804626
2011-08-17,-2783.4349570223867
2011-08-18,13855.376434657373
2011-08-19,14478.5158328182
2011-08-22,12833.865648092464
2011-08-23,-29837.149796457426
2011-08-24,21227.836666686162
2011-08-25,-12643.982858855705
2011-08-26,-9623.032933250433
2011-08-29,-7820.31442591441
2011-08-30,-6844.144045184797
2011-08-31,-5556.220665318581
2011-09-01,-5858.984258295876
2011-09-02,3608.2098120214428
2011-09-07,-20245.00372355773
2011-09-08,18079.37311598934
2011-09-09,-13925.298182369937
2011-09-12,-16917.87151749135
2011-09-15,-7373.200928540831
2011-09-16,-1447.940715038971
2011-09-21,20069.488020241533
2011-09-22,16966.97516997962
2011-09-27,-22873.93169072345
2011-09-28,17477.52753335398
2011-10-03,15419.49589988901
2011-10-04,-22001.80965908863
2011-10-07,-1480.2248915803423
2011-10-12,5177.510802513165
2011-10-13,-266.5268172661048
2011-10-14,2607.9853071796933
2011-10-17,4880.515177887
2011-10-18,666.3457974968925
2011-10-19,2798.871479609838
2011-10-20,10752.88844518295
2011-10-21,3238.802310918786
2011-10-24,-28564.374524371324
2011-10-25,11284.526672473605
2011-10-26,-11191.176558345594
2011-10-27,-27026.01409590505
2011-10-28,10954.804668163692
2011-10-31,5628.10366608661
2011-11-01,2779.1165113719494
2011-11-02,-25733.381215120986
2011-11-07,-5925.898104194479
2011-11-08,3212.2142575494636
2011-11-09,-7677.916104021442
2011-11-10,3087.0270213779654
2011-11-11,4928.787078682525
2011-11-14,-1528.6210747423438
2011-11-15,-20254.914706078824
2011-11-16,12095.267953830386
2011-11-17,-3148.531122264435
2011-11-18,13409.15884996651
2011-11-21,9582.769201316742
2011-11-22,-5265.659669956143
2011-11-28,-11891.325262849648
2011-11-29,-11910.62719498482
2011-11-30,7292.0515114619175
2011-12-01,-32311.36999739843
2011-12-02,6223.737648481704
2011-12-05,-8561.801829511247
2011-12-06,6875.017694646045
2011-12-07,-16030.344681991792
2011-12-08,8161.686464560915
2011-12-09,8629.019751963671
2011-12-12,-9424.895638589702
2011-12-13,-5835.013412518233
2011-12-14,-19080.95154259457
2011-12-15,17294.04263358335
2011-12-16,-8184.22791936746
2011-12-19,18217.956868993027
2011-12-20,-6443.65512013192
2011-12-21,-11596.880475084065
2011-12-22,2236.1237821501327
2011-12-29,-14315.860669010433
2011-12-30,-383.51799562499946
2012-01-05,-21136.371594925866
2012-01-06,-3799.5025877401486
2012-01-11,-16067.109576822635
2012-01-12,-4564.4849792380255
2012-01-13,-43.76492197075004
2012-01-18,-4547.991010565695
2012-01-19,5897.036724985634
2012-01-20,-648.1808946872532
2012-01-27,-10388.471331803963
2012-01-30,13401.036737037246
2012-01-31,-12844.105999077741
2012-02-01,-2863.134456723289
2012-02-02,-9070.067637794387
2012-02-03,-5539.421492300842
2012-02-06,-6637.3218261727125
2012-02-07,-272.77002901152173
2012-02-08,-329.1234288252257
2012-02-09,-284.98070904604083
2012-02-10,9514.044255396997
2012-02-13,-10021.836498612662
2012-02-14,-15585.28214912515
2012-02-15,-15965.84585640396
2012-02-16,-8406.766044687678
2012-02-17,-71.76011034649662
2012-02-22,-5781.938800202547
2012-02-23,541.6185584883299
2012-02-24,3669.732963480691
2012-02-27,22694.13285841356
2012-02-28,-28214.44408219227
2012-02-29,3455.012626668504
2012-03-01,-7365.194357752774
2012-03-02,-8643.32716327195
2012-03-05,-4161.12952742324
2012-03-06,10762.797646989662
2012-03-07,-12305.666672755842
2012-03-08,-8482.59044078137
2012-03-09,1188.4749647900833
2012-03-12,-13260.176239733788
2012-03-13,-2757.530356917063
2012-03-14,-12120.136103572637
2012-03-15,-7696.714355346612
2012-03-16,3970.0355950664934
2012-03-22,-11365.800124214891
2012-03-23,1689.9125700710954
2012-03-26,6612.392135618711
2012-03-27,-11312.31016385731
2012-03-28,718.1434764897774
2012-03-29,1322.2261683640702
2012-03-30,-1183.3859817549194
2012-04-02,7678.089826567561
2012-04-03,-19234.45687224166
2012-04-11,-2058.45717574052
2012-04-12,-3346.0167169050337
2012-04-13,-9736.01301767621
2012-04-16,-5839.0022772071525
2012-04-17,10941.067941332989
2012-04-18,-14305.628749313371
2012-04-19,-3989.72606703483
2012-04-20,8859.830416660307
2012-04-23,8510.785488220503
2012-04-24,-3223.134373648084
2012-04-25,848.6885998088709
2012-04-26,-36.85157218818409
2012-04-27,-4089.750299018546
2012-05-08,4249.7570797004055
2012-05-09,5525.747472002998
2012-05-10,264.5507981897675
2012-05-11,15935.692995120615
2012-05-14,-4637.702964406837
2012-05-15,-9187.360071228282
2012-05-16,12829.244454755973
2012-05-17,-3748.2750704984433
2012-05-18,12766.166158627819
2012-05-21,1495.568350411151
2012-05-22,6305.839907696734
2012-05-23,-9621.223655072907
2012-05-24,-9844.745959592861
2012-05-25,-1953.115200432594
2012-05-30,4013.271655240642
2012-05-31,-9028.655643841745
2012-06-01,3841.892949086297
2012-06-04,18732.42632496678
2012-06-05,8551.400577712373
2012-06-06,-21083.61236045983
2012-06-07,8729.46412786359
2012-06-08,9999.407654443763
2012-06-11,-7992.265772433972
2012-06-12,-19352.77634919291
2012-06-13,167.2283365249208
2012-06-14,9210.457610408175
2012-06-15,-816.5334271511147
2012-06-18,-9558.335694425763
2012-06-19,-6363.492247257027
2012-06-20,4790.667974562234
2012-06-21,13529.82696110511
2012-06-22,-12821.765956794196
2012-06-25,8226.183727373746
2012-06-26,-10900.140731138852
2012-06-27,-9915.277600333953
2012-06-28,-5391.50731109956
2012-06-29,-20145.486316696803
2012-07-06,-30453.188789225656
2012-07-09,-5161.968380656472
2012-07-10,17473.15953461105
2012-07-11,-11510.455390277022
2012-07-12,16009.717738389047
2012-07-13,-15970.273326092594
2012-07-18,13209.433374193964
2012-07-19,-14051.71590007016
2012-07-20,3797.8468193064136
2012-07-23,-3402.256983986487
2012-07-24,5649.167605592917
2012-07-25,-515.4615111395062
2012-07-26,6547.159508342734
2012-07-27,-5600.404484403169
2012-07-30,-2217.364857711488
2012-07-31,-19540.862731111003
2012-08-01,8774.950911148799
2012-08-02,-7971.197666342533
2012-08-03,433.4035972160098
2012-08-06,12236.047602555014
2012-08-07,-10749.83177557186
2012-08-08,-5995.47845415771
2012-08-09,-10698.360973797076
2012-08-10,-4293.582312950871
2012-08-13,-6091.429143105846
2012-08-14,601.6575226062463
2012-08-15,7833.0291653935765
2012-08-16,-13252.383243966775
2012-08-17,2793.8888032244813
2012-08-20,-5070.30913529345
2012-08-21,6197.692831046942
2012-08-22,13660.285357756138
2012-08-23,-5464.156466750479
2012-08-24,11074.251931613244
2012-08-27,-354.52403893184186
2012-08-28,-2504.5960317336317
2012-08-29,6392.323081520228
2012-08-30,6492.85342027563
2012-08-31,5736.516412954632
2012-09-05,7931.756260316834
2012-09-06,6904.823166987308
2012-09-07,-20193.949177057282
2012-09-10,13681.210960918874
2012-09-11,-2168.91596586869
2012-09-12,-7695.115391766481
2012-09-13,-5259.249270401642
2012-09-14,-10404.250611893727
2012-09-19,-18928.99714760509
2012-09-20,10352.871265979107
2012-09-21,-15970.538559615472
2012-09-24,-421.7845832084657
2012-09-25,3263.5896066930827
2012-09-26,1720.4292278197113
2012-09-27,-13524.743047535583
2012-09-28,-943.649209452385
2012-10-04,-6294.345545118835
2012-10-05,13674.75083560486
2012-10-10,-1938.0287730261134
2012-10-11,3512.895836272601
2012-10-12,7229.808636935766
2012-10-15,-4319.109805827662
2012-10-16,-1849.937937454175
2012-10-17,6370.353168240533
2012-10-18,-9668.431652742294
2012-10-19,1030.8815874746858
2012-10-22,-9288.488432930117
2012-10-25,-7869.619872701605
2012-10-26,12595.817782518568
2012-11-01,-2409.2968503100356
2012-11-02,-4653.638326909426
2012-11-05,-12394.5794679612
2012-11-06,-2360.839993471078
2012-11-07,3324.7033854765486
2012-11-08,17060.15144777012
2012-11-09,2423.09790063527
2012-11-12,1530.8789606928099
2012-11-13,10214.631309056762
2012-11-14,-5327.206925641505
2012-11-15,-3041.432855311876
2012-11-16,-10024.566045197942
2012-11-19,-12457.594025204868
2012-11-20,3088.5027617393453
2012-11-21,-4364.402362614395
2012-11-27,2561.692439589474
2012-11-28,2837.898349269075
2012-11-29,-4079.6303050558995
2012-11-30,-4874.407863517532
2012-12-03,13403.147849224199
2012-12-06,-1257.5366903316929
2012-12-07,-10306.966900329684
2012-12-10,-8414.9563390743
2012-12-11,450.1042393490618
2012-12-12,3182.5582398929782
2012-12-13,5555.624227963764
2012-12-14,3758.6788169997176
2012-12-17,2851.434099521383
2012-12-18,-11481.888053033215
2012-12-19,1285.4519817591513
2012-12-20,2072.657978339265
2012-12-21,13374.869827526529
2012-12-28,4806.6879193150435
2013-01-07,12133.94710082435
2013-01-08,8505.707310151383
2013-01-09,-12904.697176112819
2013-01-10,-5669.151127044725
2013-01-11,26377.834570407795
2013-01-16,2320.511903729704
2013-01-17,-1684.6982665254764
2013-01-18,-5277.9400027112315
2013-01-23,3748.4793913909543
2013-01-24,-4190.399634711475
2013-01-25,4122.968186874973
2013-01-28,20186.83813571467
2013-01-29,-7704.084133982943
2013-01-30,-6584.239526167094
2013-01-31,7944.353472217409
2013-02-01,3446.242379760154
2013-02-04,4840.885895333826
2013-02-05,-4788.40002361748
2013-02-06,-9401.717421178813
2013-02-07,-3237.310265224014
2013-02-08,-7183.815743835017
2013-02-15,-10282.106147485223
2013-02-20,-1362.4337479451451
2013-02-21,-5893.35673191979
2013-02-22,-12264.98173191264
2013-02-25,2017.0494854499948
2013-02-26,-17161.437743013124
2013-02-27,-105.04362582229896
2013-02-28,-6796.002273348515
2013-03-01,-11432.909257480607
2013-03-04,2802.8305520539952
2013-03-05,4794.392496516784
2013-03-06,-13822.45300401487
2013-03-07,-6339.227527062912
2013-03-08,5068.934161361765
2013-03-11,-13046.862302210757
2013-03-12,15035.725882243769
2013-03-13,4936.024079234073
2013-03-14,-11250.628161916045
2013-03-15,-1846.995777619302
2013-03-18,6324.768170407861
2013-03-19,-230.97266696077628
2013-03-22,-667.8742623680912
2013-03-25,311.0403895791071
2013-03-26,-25709.471791610136
2013-03-27,-5110.275549104862
2013-03-28,-677.0849528020386
2013-04-03,-16024.54687204006
2013-04-08,2996.4981648731905
2013-04-09,2529.846042038618
2013-04-10,1067.4223038442972
2013-04-11,-8709.825645184947
2013-04-12,6852.406551532291
2013-04-15,15008.146478958064
2013-04-16,-16600.27897701216
2013-04-17,14936.317697916518
2013-04-18,-4118.7087434577425
2013-04-19,-15209.201818639473
2013-04-22,-6545.864193197862
2013-04-23,11483.783834879241
2013-04-24,-20546.521773598957
2013-04-25,-6843.416114915453
2013-04-26,-5710.834541055884
2013-05-08,-10428.019034911571
2013-05-09,17569.691220466066
2013-05-10,-21458.99444614732
2013-05-13,-809.829580538329
2013-05-14,1672.4458388899716
2013-05-15,-16417.529983180702
2013-05-16,-3742.306129257254
2013-05-21,5738.346069400054
2013-05-22,4836.896940051993
2013-05-23,36022.56400137711
2013-05-24,2259.064717900596
2013-05-29,536.2479577424193
2013-05-30,31847.486424581602
2013-05-31,8165.032737134249
2013-06-03,6735.110847142143
2013-06-04,-3490.792809557161
2013-06-05,23128.946053326283
2013-06-06,-3950.445504777964
2013-06-07,14845.96827451688
2013-06-10,-23871.977776847434
2013-06-11,22261.819812624573
2013-06-14,-7001.248290591263
2013-06-17,-28634.894097962166
2013-06-18,1470.6318392208723
2013-06-19,11043.433458969032
2013-06-20,17227.14412858759
2013-06-21,-15891.450134261528
2013-06-24,7911.832170235109
2013-06-25,1833.2232904659477
2013-06-26,-6345.814287795013
2013-06-27,-24487.96504789594
2013-06-28,-18425.942259346637
2013-07-03,5515.599623055235
2013-07-08,13916.447884365974
2013-07-09,-12542.859405647298
2013-07-10,-9645.991104343122
2013-07-11,15013.94006973445
2013-07-12,-4994.847597463309
2013-07-17,5783.721915228175
2013-07-18,-6309.042165769257
2013-07-19,11265.997306992953
2013-07-22,1579.9066322275476
2013-07-23,-18189.117322799473
2013-07-24,11646.886197283375
2013-07-25,4505.165673841669
2013-07-26,13537.27672558567
2013-07-29,16542.609954161773
2013-07-30,-11418.601456189232
2013-07-31,9964.673769408626
2013-08-01,-16519.23152496132
2013-08-02,-22818.035932486757
2013-08-05,13769.605595895091
2013-08-06,-2998.170890547184
2013-08-07,28186.64375218365
2013-08-08,7720.269106005682
2013-08-09,7487.745255537713
2013-08-12,-14533.61567526696
2013-08-13,-16895.38002129647
2013-08-16,10520.49911893581
2013-08-19,-608.7064614283422
2013-08-20,15787.306404888046
2013-08-21,11812.207141021807
2013-08-22,-4313.963919339844
2013-08-23,-1599.1927196592176
2013-08-28,8047.894165863199
2013-08-29,-7950.07529949412
2013-08-30,-10321.081802881698
2013-09-04,-5604.995477505717
2013-09-05,-715.2518124541741
2013-09-06,862.2132840453023
2013-09-09,-16411.059853024584
2013-09-10,480.8259187429366
2013-09-11,1315.5222344222059
2013-09-12,7593.562311297339
2013-09-13,-4047.068946637211
2013-09-18,-7449.432894092816
2013-09-19,-479.02738651494326
2013-09-25,504.5829681068115
2013-09-26,-4253.47285362502
2013-09-27,-2366.4815689376915
2013-09-30,15194.85861249038
2013-10-03,2416.8000483024516
2013-10-04,7750.011464422331
2013-10-07,5209.375455894487
2013-10-10,-11467.385321589758
2013-10-11,-8624.10017102414
2013-10-16,-8078.170059955414
2013-10-17,-3626.538958010932
2013-10-18,7558.671194356087
2013-10-21,-1837.6844041516065
2013-10-22,2094.6213122023373
2013-10-23,27830.16759021902
2013-10-24,-1065.6624577615494
2013-10-25,16118.784788740433
2013-10-28,-12903.643181722098
2013-10-29,1051.3307964593319
2013-10-30,-16760.368404743855
2013-10-31,10477.576453390735
2013-11-01,-16121.247179844937
2013-11-06,-8447.709329039279
2013-11-07,18614.024442166563
2013-11-08,-13301.824355603476
2013-11-11,-14063.83264127804
2013-11-12,-2486.3594607256177
2013-11-13,9286.696320792627
2013-11-14,-9048.209303310072
2013-11-15,-19090.994020980164
2013-11-18,-5164.893060554061
2013-11-19,164.39341090097963
2013-11-20,12209.202724559244
2013-11-21,-27561.594003132715
2013-11-22,6108.849993974378
2013-11-25,5123.18237801981
2013-11-26,-2130.0376522438155
2013-11-27,4390.673176800822
2013-12-02,-3076.1543720555032
2013-12-03,-7245.34506210546
2013-12-04,14984.228576546977
2013-12-05,4307.123604205836
2013-12-06,1898.466849315377
2013-12-09,-664.3031495659739
2013-12-10,7574.693954515875
2013-12-11,16123.524543929974
2013-12-12,5376.061978776502
2013-12-13,-2153.947412365271
2013-12-16,12287.678852755198
2013-12-17,-2813.8438225667533
2013-12-18,-16700.67624106815
2013-12-19,1079.4390327454612
2013-12-20,2962.575279537619
2013-12-30,2296.4514921688965
2014-01-07,3620.7760291868794
2014-01-08,-13931.967279566587
2014-01-09,5830.716639047279
2014-01-10,2583.831132496818
2014-01-15,-8779.533524477494
2014-01-16,-3933.8688585060336
2014-01-17,755.1737826010434
2014-01-22,1505.2637504230418
2014-01-23,11675.459926141524
2014-01-24,22813.943372568483
2014-01-27,15714.597052853287
2014-01-28,2235.888384933084
2014-01-29,-16834.064700737923
2014-01-30,4825.7185186034185
2014-02-05,-724.0337639115484
2014-02-06,-707.5998817439921
2014-02-07,-11383.154753266717
2014-02-10,-2953.1462307159245
2014-02-13,2351.0322758574403
2014-02-14,13150.73932485113
2014-02-19,11170.546356851164
2014-02-20,7024.028602245657
2014-02-21,-15803.787575070828
2014-02-24,6478.421060210408
2014-02-25,-6476.986999500044
2014-02-26,-2970.478500916643
2014-02-27,-16631.018568106472
2014-02-28,3622.5890799329504
2014-03-03,7625.701012159047
2014-03-04,-4368.979392336703
2014-03-05,-317.80153748651514
2014-03-06,-9906.720052772213
2014-03-07,11076.950004130462
2014-03-10,14001.6033617927
2014-03-11,163.49125190226883
2014-03-12,12957.94364057891
2014-03-13,7133.484841711414
2014-03-14,9600.02842528224
2014-03-17,7124.5590833293245
2014-03-18,-3086.188727079835
2014-03-19,-64.13042344067367
2014-03-20,9660.318435393801
2014-03-25,12466.518840498618
2014-03-26,300.2431574701516
2014-03-27,-7092.9114856816
2014-03-28,-9508.347172365671
2014-03-31,-3012.1010109055005
2014-04-01,-2190.874219812308
2014-04-02,-2870.366026611748
2014-04-03,-7272.557654948338
2014-04-04,6360.80474285887
2014-04-07,7841.321228533854
2014-04-08,928.803343198494
2014-04-09,785.005452035541
2014-04-10,8596.971794270989
2014-04-11,12880.516782359391
2014-04-14,-7487.8719144887045
2014-04-15,-3191.9826818614497
2014-04-16,-17301.3066050258
2014-04-17,2091.242099651161
2014-04-23,960.7524751221574
2014-04-24,3882.0058153595805
2014-04-25,7378.5556749835705
2014-04-28,7882.99351985461
2014-05-08,-1721.775923555325
2014-05-09,-13879.638891624656
2014-05-12,-16739.725737472807
2014-05-13,-10074.617065149689
2014-05-14,-10031.876077358858
2014-05-15,-839.8376940792548
2014-05-16,3207.407338703014
2014-05-19,2442.298940482754
2014-05-20,-1498.9383253418844
2014-05-21,-2588.3808814756617
2014-05-22,-14163.738834564298
2014-05-23,-6973.923843345977
2014-05-28,-6081.656356578702
2014-05-29,-5712.211064701702
2014-05-30,0.24592514220691974
2014-06-04,3204.9001196085546
2014-06-05,-2030.0893148670823
2014-06-06,5312.180734365951
2014-06-09,-5069.183377931441
2014-06-10,-5133.460671893536
2014-06-11,-9034.508095884908
2014-06-12,3316.2023903119484
2014-06-13,-10287.23083953579
2014-06-16,961.1583399145497
2014-06-17,5495.260446967932
2014-06-18,-9247.355394924867
2014-06-19,-3328.0134708908654
2014-06-20,1030.5964870883267
2014-06-23,4053.1597577595085
2014-06-24,1399.4697745360866
2014-06-25,-2809.371033749497
2014-06-26,-7391.715733606019
2014-06-27,2776.3267472466805
2014-06-30,4100.471172680936
2014-07-03,1231.5737250583172
2014-07-08,846.5999117752898
2014-07-09,5980.619492676723
2014-07-10,-1917.8279105822062
2014-07-11,-3855.020996907091
2014-07-14,-5710.658625261847
2014-07-15,-4920.55870393301
2014-07-16,-1918.5793659773906
2014-07-17,-3310.1340807293177
2014-07-18,-2611.0967783892743
2014-07-23,-9894.734963268824
2014-07-24,-374.7391489670267
2014-07-25,-9767.86006521669
2014-07-28,-11324.48103455521
2014-07-29,412.6298679309763
2014-07-30,-4639.517500135589
2014-07-31,7951.39972553463
2014-08-01,349.32692216616726
2014-08-04,-3333.63459826202
2014-08-05,10891.683657217418
2014-08-06,-754.1508394653484
2014-08-07,-804.9446565137422
2014-08-08,2770.920070234096
2014-08-11,-6384.307954656111
2014-08-12,-6658.480153464741
2014-08-13,-9698.11064527687
2014-08-14,-2677.5931273324404
2014-08-15,-4316.770474718542
2014-08-18,4113.8477332380535
2014-08-19,-8707.383022006587
2014-08-20,-4921.492044453198
2014-08-21,-2969.2013934400047
2014-08-22,1219.749048264217
2014-08-27,48.3413738114441
2014-08-28,6618.450160129079
2014-08-29,-1417.6637359567462
2014-09-03,-5954.344558982981
2014-09-04,8119.774938165264
2014-09-05,-32041.437427686822
2014-09-08,409.45043938401056
2014-09-11,-4101.100447018742
2014-09-12,4913.216322317295
2014-09-17,-2212.978050207831
2014-09-18,-4834.151409510032
2014-09-19,3482.196558960607
2014-09-22,1958.9849782473514
2014-09-25,-5164.7107569363625
2014-09-26,-1826.2495427911192
2014-09-29,2271.0333948167563
2014-09-30,17787.667428850964
2014-10-06,-22347.51488388672
2014-10-07,12726.595266292043
2014-10-08,-3963.0941880391897
2014-10-09,16435.52252690834
2014-10-10,4661.828230060187
2014-10-15,-29491.310321267112
2014-10-16,26959.297026806988
2014-10-17,11889.032019576181
2014-10-20,-32172.724028807137
2014-10-21,17658.48705966482
2014-10-22,-23163.032757391455
2014-10-23,-9534.330551920835
2014-10-24,-2914.5403417264947
2014-10-27,3007.5017229496784
2014-10-28,-3080.650138726716
2014-10-29,-7547.550515349384
2014-10-30,-10604.41850044103
2014-10-31,-27521.17137129137
2014-11-05,12451.002068681042
2014-11-06,1825.8397281237715
2014-11-07,-12721.603774333182
2014-11-10,8543.638335731868
2014-11-11,-14280.466995293287
2014-11-12,1537.7890874036066
2014-11-13,-14837.483902257267
2014-11-14,2859.984762115277
2014-11-17,32593.004319133674
2014-11-18,-13198.043437539056
2014-11-19,18219.41367244431
2014-11-20,4473.670974117667
2014-11-21,2511.811316347933
2014-11-26,-2540.6997619517647
2014-12-01,11246.182200758956
2014-12-02,-3952.981244754822
2014-12-03,-5122.136410773562
2014-12-04,-24799.981206110333
2014-12-05,11685.366036084006
2014-12-08,-6027.351338357308
2014-12-09,3549.8069337981156
2014-12-10,20307.321147653354
2014-12-11,10231.471069004581
2014-12-12,-11035.529807761031
2014-12-15,8260.655468829753
2014-12-16,27393.16117092708
2014-12-17,-7354.787808020311
2014-12-18,-25145.56054973507
2014-12-19,-23347.112275388725
2014-12-22,-10529.252964670804
2014-12-30,8441.923602465895
2015-01-06,16014.995027417177
2015-01-07,-18703.797001014304
2015-01-08,-8748.080200209182
2015-01-09,-10471.563886815331
2015-01-14,-2327.827123626961
2015-01-15,-2919.466761476303
2015-01-16,-11524.566978495708
2015-01-21,-7234.444967050465
2015-01-22,325.2933966373213
2015-01-23,-33146.99091619397
2015-01-26,-31145.957183089202
2015-01-27,15908.741383583214
2015-01-28,14833.788574887683
2015-01-29,-6010.825129381458
2015-01-30,13597.296460894908
2015-02-02,-10422.911196213208
2015-02-03,8673.027213154297
2015-02-04,3972.233543351261
2015-02-05,-21599.56011058857
2015-02-06,19810.03978398848
2015-02-09,-15448.14121712285
2015-02-10,-464.2421656039967
2015-02-13,6290.214864294568
2015-02-18,9755.600663709089
2015-02-24,-5553.737138275455
2015-02-25,-492.481694515606
2015-02-26,-409.013064029434
2015-02-27,-14366.584939672786
2015-03-02,-7160.744722242141
2015-03-03,4349.992816608324
2015-03-04,11895.401853058414
2015-03-05,-4475.593932732527
2015-03-06,-2288.013507289449
2015-03-09,-21280.43247043918
2015-03-10,12447.741662942226
2015-03-11,-7139.523188750703
2015-03-12,-36405.017347881956
2015-03-13,6860.761223577634
2015-03-16,-24136.56020143773
2015-03-17,6948.288038105193
2015-03-18,-7856.249324605057
2015-03-19,25500.799178380366
2015-03-20,-24583.875318835882
2015-03-23,10216.00331969455
2015-03-24,22626.830376070007
2015-03-25,-8948.288381841905
2015-03-26,10206.896181934868
2015-03-27,-8749.869665103957
2015-03-30,-7183.108928081561
2015-03-31,-853.7559080966486
2015-04-01,-10664.079641043898
2015-04-02,-7808.772291082226
2015-04-09,-21101.661444727313
2015-04-10,-17429.67076147334
2015-04-13,-19524.586514010945
2015-04-14,-1610.4089223229678
2015-04-15,6929.061114049933
2015-04-16,-3183.65308130171
2015-04-17,14007.825968165589
2015-04-20,17888.349864987027
2015-04-21,-24400.82994794873
2015-04-22,-6754.922332733698
2015-04-23,-4699.953046315586
2015-04-24,11219.52929357962
2015-04-27,6038.515303324262
2015-04-28,-9388.960495316638
2015-05-08,-13211.629882225128
2015-05-11,-10814.889844276886
2015-05-12,-2027.3966502545577
2015-05-13,6182.9944308174845
2015-05-14,16741.894941892944
2015-05-15,-6460.739083364907
2015-05-18,3714.8854172700153
2015-05-19,-9454.39550352601
2015-05-20,-20128.556392184844
2015-05-21,-3392.6709798794664
2015-05-22,-8254.051879012697
2015-05-27,-1217.3389462831788
2015-05-28,13712.104637202967
2015-05-29,2681.200717095623
2015-06-01,-4172.459069944217
2015-06-02,-4519.824680140354
2015-06-03,25705.6700699006
2015-06-04,18802.145813742223
2015-06-05,-5671.647896131579
2015-06-08,-10986.010127090836
2015-06-09,32966.900085446454
2015-06-10,9011.02461043162
2015-06-11,-13954.734161266955
2015-06-12,-17278.703188069183
2015-06-15,1244.9879038952756
2015-06-16,16075.856182751208
2015-06-17,-11909.332955497166
2015-06-18,20548.693970525692
2015-06-19,-2584.211023824975
2015-06-22,-2000.7723108266446
2015-06-23,-10208.401312738668
2015-06-24,-22151.582216862647
2015-06-25,12655.629509646744
2015-06-26,11528.839823324095
2015-06-29,-13640.031130263775
2015-06-30,17856.810742626665
2015-07-07,-7782.995020802007
2015-07-08,50663.77306836909
2015-07-09,-9856.614848171272
2015-07-10,-417.11605317618637
2015-07-13,1781.2458316632856
2015-07-14,-18443.68432740596
2015-07-15,4503.496504729942
2015-07-16,-12441.431837459962
2015-07-17,-14163.041364194209
2015-07-22,21822.690694683028
2015-07-23,-2157.544263172049
2015-07-24,15336.73624164923
2015-07-27,11709.918333765456
2015-07-28,9784.962918596828
2015-07-29,-3869.227564109789
2015-07-30,-6711.994486752858
2015-07-31,-8605.54893824151
2015-08-03,15519.44970704217
2015-08-04,-518.3600668187712
2015-08-05,-10460.976491457954
2015-08-06,6897.942723625757
2015-08-07,-5497.1911300486
2015-08-10,-1206.2048091443917
2015-08-11,10013.851698352253
2015-08-12,7492.967846303721
2015-08-13,5148.687004596509
2015-08-14,-2694.422091790564
2015-08-17,-9632.065371634768
2015-08-18,13023.814571378998
2015-08-19,1867.1352397448425
2015-08-20,22962.743482959424
2015-08-21,33347.70126975799
2015-08-24,52654.18170615031
2015-08-25,58151.3876550024
2015-08-26,-42870.77762133649
2015-08-27,-41146.172104242454
2015-08-28,-15614.531249791598
2015-09-02,1979.6646065277107
2015-09-09,-38137.120184712156
2015-09-10,16027.96815772727
2015-09-11,3389.98549268218
2015-09-14,14939.413450092668
2015-09-15,-7986.886748677557
2015-09-16,-17042.477236871546
2015-09-17,-1071.7820188839992
2015-09-18,16530.878555612704
2015-09-25,3777.8338970421955
2015-09-30,-15754.445485888087
2015-10-05,-3423.1810319756423
2015-10-06,-189.97992639305087
2015-10-07,-14726.879740769124
2015-10-08,500.0627836732682
2015-10-09,-5155.697288177162
2015-10-14,13410.620201735228
2015-10-15,-4525.733363505345
2015-10-16,-21022.28609418485
2015-10-19,5309.096213866627
2015-10-20,-4330.656435709497
2015-10-23,-49476.04158866444
2015-10-26,-10451.34490991784
2015-10-27,4435.278393996702
2015-10-28,-5954.664670305038
2015-10-29,-11204.800643579763
2015-10-30,10900.380976769246
2015-11-02,15352.147371489993
2015-11-05,-18343.780062301543
2015-11-06,6556.223623432696
2015-11-09,-21547.503967046374
2015-11-10,7816.340363006883
2015-11-11,3401.4414104198045
2015-11-12,-13571.618315395697
2015-11-13,18250.391947575237
2015-11-16,-9991.015100824092
2015-11-17,3783.002913835643
2015-11-18,-13013.124474694489
2015-11-19,-4462.768970394523
2015-11-20,-3892.633529267114
2015-11-25,10045.562944992871
2015-11-30,2401.9745074567877
2015-12-01,-23514.891777849945
2015-12-02,11194.63545969355
2015-12-03,-12050.280891338794
2015-12-04,43530.6369640142
2015-12-07,-1781.2728950046123
2015-12-08,961.5824775533301
2015-12-09,16794.36486177724
2015-12-10,15085.942172135618
2015-12-11,-8977.466551792539
2015-12-14,1603.0793269865042
2015-12-15,21338.49227463407
2015-12-16,-35564.54669870764
2015-12-17,-3806.172118890975
2015-12-18,11281.310097853286
2015-12-21,-10755.036561139501
2015-12-22,3737.365942353632
2015-12-30,-2919.4815562864446
2016-01-05,778.1299118968803
2016-01-06,-2967.8162262579062
2016-01-07,30097.81030947905
2016-01-08,8507.959039341455
2016-01-13,-6830.6883896623185
2016-01-14,5549.64111168445
2016-01-15,9667.545252282544
2016-01-20,32360.560642494365
2016-01-21,25123.487892359277
2016-01-22,-38604.76348406494
2016-01-25,-12063.079059977994
2016-01-26,27037.01006832618
2016-01-27,-8524.080047875865
2016-01-28,-2351.976508396114
2016-01-29,-20442.98560294423
2016-02-01,-15136.098730864438
2016-02-02,13158.724869920621
2016-02-03,19465.45760137179
2016-02-04,16248.178812385784
2016-02-05,16660.24880851483
2016-02-17,12731.209709484216
2016-02-18,-24860.015196430788
2016-02-19,131.62253869556392
2016-02-22,-8159.208871585663
2016-02-23,-7970.393754832381
2016-02-24,-7152.279145951089
2016-02-25,4110.670812896564
2016-02-26,1128.1247423741402
2016-02-29,9872.559284080075
2016-03-01,-21294.837923749845
2016-03-02,-33806.38839399827
2016-03-03,-12599.137802929952
2016-03-04,6875.175023920125
2016-03-07,6479.415704194912
2016-03-08,10436.361735888679
2016-03-09,-370.0028641241328
2016-03-10,-11808.5734423053
2016-03-11,21963.14144838725
2016-03-14,-9412.161775268083
2016-03-15,-3498.892221628729
2016-03-16,1536.147648537109
2016-03-17,4784.987357427879
2016-03-18,7924.51170320305
2016-03-23,4584.756053582119
2016-03-24,-1287.1339417223098
2016-03-30,8893.765078505756
2016-03-31,2876.1631163598577
2016-04-01,21290.965235467746
2016-04-06,-7401.438352521097
2016-04-07,-327.45380493949233
2016-04-08,-10181.963235375428
2016-04-11,7956.230720620457
2016-04-12,-9668.859000893608
2016-04-13,-23158.269255842726
2016-04-14,-30998.856867179526
2016-04-15,958.0366323455809
2016-04-18,15618.624261172763
2016-04-19,-14204.31686673734
2016-04-20,10481.37015604957
2016-04-21,-27566.213999720516
2016-04-22,-8170.178158744117
2016-04-25,4358.1258030100225
2016-04-26,2916.9512253670637
2016-04-27,7219.099126049832
2016-04-28,29527.528282144205
2016-05-09,-6411.66188074965
2016-05-10,-9459.850553554867
2016-05-11,10108.218894371013
2016-05-12,36.473754661542955
2016-05-13,15596.639266185392
2016-05-16,-19990.363041261397
2016-05-17,-7731.737826185767
2016-05-18,9371.309778952018
2016-05-19,-8615.68831809941
2016-05-20,-5760.749520260902
2016-05-23,5640.803407609049
2016-05-24,3276.5705819944415
2016-05-25,-25516.756021665802
2016-05-26,3530.8114475765456
2016-05-27,-3868.9951813495445
2016-06-01,5193.584269050094
2016-06-02,10965.889576119054
2016-06-03,-13248.96324744375
2016-06-06,14683.666162903326
2016-06-07,395.4334934968414
2016-06-08,-9191.42228305027
2016-06-13,13188.401887621185
2016-06-14,3134.4229777527094
2016-06-15,-13366.395416281437
2016-06-16,28269.723817306283
2016-06-17,-9507.688727118393
2016-06-20,6128.6029523873785
2016-06-21,-14416.507293895289
2016-06-22,-3928.088336605688
2016-06-23,5464.756662625291
2016-06-24,42700.012677055944
2016-06-27,-70447.16147894005
2016-06-28,-4786.22620608203
2016-06-29,3685.119303215063
2016-06-30,-1720.456198191445
2016-07-06,-15185.75135607132
2016-07-07,7961.664268571413
2016-07-08,3678.9502869623866
2016-07-11,-24240.375487213172
2016-07-12,-7657.9989041652925
2016-07-13,2620.16068636883
2016-07-14,-7676.201692997262
2016-07-15,1330.7820125416772
2016-07-20,-8825.31089151594
2016-07-21,822.7816401946887
2016-07-22,859.883698600286
2016-07-25,-5508.686949810156
2016-07-26,4582.239611141218
2016-07-27,-15178.693187990197
2016-07-28,11953.03053536151
2016-07-29,5827.162393750747
2016-08-01,-12642.912305487891
2016-08-04,-10616.056180926902
2016-08-05,-10786.172121615093
2016-08-08,-20215.089847361603
2016-08-09,2282.1512766361575
2016-08-10,2174.831047197224
2016-08-15,-2217.950275384088
2016-08-16,9966.8441570999
2016-08-17,78.62393846139392
2016-08-18,7940.648454456805
2016-08-19,4857.689540178949
2016-08-22,-8408.384681037074
2016-08-23,8820.947309408717
2016-08-24,1159.51665344272
2016-08-25,-4391.349807608369
2016-08-26,11616.977658270236
2016-08-31,-4509.177720611749
2016-09-01,-3301.985659026236
2016-09-02,11516.688883662377
2016-09-07,9482.695583200342
2016-09-08,-5523.432025013188
2016-09-09,7923.725155146141
2016-09-12,8877.459103604035
2016-09-13,-1460.160835119765
2016-09-14,3005.9958710628216
2016-09-15,4593.337300438783
2016-09-21,-19604.438290144462
2016-09-26,15033.373823261867
2016-09-27,-14128.440315071628
2016-09-28,1406.9971928855596
2016-09-29,107.20308270725599
2016-09-30,14315.252147931826
2016-10-03,-4675.504131651912
2016-10-04,312.21454360919546
2016-10-05,-3983.557146335361
2016-10-06,-4857.334701921914
2016-10-07,-7702.526796966102
2016-10-12,-5310.128853415469
2016-10-13,3196.4045938573563
2016-10-14,1447.719344402535
2016-10-17,-7877.358711876561
2016-10-18,-1408.4298225996872
2016-10-19,-3749.215837361613
2016-10-20,-8806.841081132183
2016-10-25,-770.6969766954543
2016-10-26,2289.4631252201198
2016-10-27,12833.362092049672
2016-10-28,3153.117698489462
2016-10-31,6564.054428163534
2016-11-01,-5668.992154072901
2016-11-02,20490.940534165355
2016-11-07,-8383.93027320009
2016-11-08,-8550.158923164145
2016-11-09,34800.834807815794
2016-11-10,-58447.3184500298
2016-11-11,2208.2112974567804
2016-11-14,-9242.710751412265
2016-11-15,-6089.330912939138
2016-11-16,-3556.0665597974057
2016-11-17,-3576.351399524357
2016-11-18,-10028.913401922693
2016-11-21,-7186.8832494885155
2016-11-22,-248.54580357696585
2016-11-28,-580.8288205428215
2016-11-29,102.06916514335103
2016-11-30,12746.56563860361
2016-12-01,-8806.193293004926
2016-12-02,10981.622311733818
2016-12-05,-5130.931027792652
2016-12-06,22794.55980478568
2016-12-07,-14218.047858896854
2016-12-08,-147.31026765303693
2016-12-09,-21724.33954277423
2016-12-12,-18.642419057695534
2016-12-13,8708.94262067011
2016-12-14,1600.9191884985332
2016-12-15,3549.1710368417885
2016-12-16,-9421.565219666893
2016-12-19,8960.406151315181
2016-12-20,-7745.965440027422
2016-12-21,978.6950805856312
2016-12-22,8133.009875448118
2016-12-29,-4137.025618995344
2016-12-30,17692.967190515912
2017-01-05,3629.7557836831465
2017-01-06,5560.045031997117
2017-01-11,-10956.67611954532
2017-01-12,8423.261554237939
2017-01-13,-1326.7894579719873
2017-01-18,2080.367111732847
2017-01-19,-3380.4806184662725
2017-01-20,6936.847243986991
2017-01-23,6797.755659067112
2017-01-24,590.0714976475115
2017-01-25,-8196.753874715307
2017-01-26,-16787.215258062348
2017-01-27,-6015.184953651214
2017-02-02,8916.175819875374
2017-02-03,-1718.8106700124408
2017-02-06,-6962.05081576431
2017-02-07,-5583.996535196831
2017-02-08,-13458.389470776332
2017-02-09,4063.113520247562
2017-02-10,-12369.838343003554
2017-02-13,-6445.090311637645
2017-02-14,447.7618263448428
2017-02-15,-11960.425756423761
2017-02-16,1034.4686208685862
2017-02-17,14186.085912554405
2017-02-22,-11704.911435512298
2017-02-23,686.8414171854183
2017-02-24,3156.714345916086
2017-02-27,-1810.3264941572888
2017-02-28,12204.426023676435
2017-03-01,-6140.0014794174585
2017-03-02,-1658.8863430229162
2017-03-03,5138.99626113458
2017-03-06,14848.268351540168
2017-03-07,-5824.067248194395
2017-03-08,-454.5149744595632
2017-03-09,7480.409325465166
2017-03-10,1096.977895190807
2017-03-13,8376.831605567413
2017-03-14,-4223.0928125612945
2017-03-15,-7587.925994713662
2017-03-16,5056.361428647083
2017-03-17,8137.063359347581
2017-03-22,17209.86717111271
2017-03-23,-1431.2448921281884
2017-03-24,-8497.19686696098
2017-03-27,15728.028234857358
2017-03-28,-7160.879490553685
2017-03-29,-4392.155340240078
2017-03-30,-1737.3791129283138
2017-03-31,2442.1316728126767
2017-04-03,-12299.328418071334
2017-04-06,6775.674919403568
2017-04-07,-285.4242011240206
2017-04-10,-11158.03023022157
2017-04-11,4885.50657972568
2017-04-12,-1424.8871114140607
2017-04-13,11655.600350443483
2017-04-19,13011.267467342861
2017-04-20,-8792.601178036115
2017-04-21,-342.08528039651804
2017-04-24,22209.842791002193
2017-04-25,-17641.126696039744
2017-04-26,7888.903511130079
2017-04-27,-6201.877688065092
2017-04-28,-2753.3764752547427
2017-05-09,-5516.619272331748
2017-05-10,-9216.39001963782
2017-05-11,-3283.387556335536
2017-05-12,45.33308271408394
2017-05-15,875.9846709926472
2017-05-16,8083.847690263427
2017-05-17,16867.906856388134
2017-05-18,5059.459590563968
2017-05-19,-7568.282098128234
2017-05-22,4175.2236481526415
2017-05-23,3667.337993892094
2017-05-24,-8568.943504749523
2017-05-25,-3122.8951125808194
2017-05-26,1812.9660837791776
2017-06-01,-26.862944092991437
2017-06-02,-12975.856307944814
2017-06-05,4095.1125388032187
2017-06-06,-2582.8217997429233
2017-06-07,-1079.4505612361393
2017-06-08,127.91084426181224
2017-06-09,-7584.73186123665
2017-06-12,8298.77791414286
2017-06-13,-5488.646695457304
2017-06-14,983.0252602078136
2017-06-15,3529.3090494884104
2017-06-16,-4470.921047348477
2017-06-19,-73.23626005385717
2017-06-20,-9023.999293148774
2017-06-21,2568.639829875594
2017-06-22,4313.528449718309
2017-06-23,-3802.1276974511643
2017-06-26,2922.280245562392
2017-06-27,1870.8522614424164
2017-06-28,20599.071423625566
2017-06-29,-4166.023983411403
2017-06-30,12468.401708456468
2017-07-03,2861.590187470689
2017-07-06,5795.63424485243
2017-07-07,11103.171695226856
2017-07-10,-3991.5585003215197
2017-07-12,-1631.2550819223288
2017-07-13,-13528.186745003242
2017-07-14,-3946.124883931148
2017-07-19,7189.870283437006
2017-07-20,-5428.581505106256
2017-07-21,11091.984905023557
2017-07-24,3391.1400378042713
2017-07-25,-2518.7924236891618
2017-07-26,2505.1673308102972
2017-07-27,5538.445459177141
2017-07-28,-3195.0430338129845
2017-07-31,-374.4591156277534
2017-08-01,4446.425607384171
2017-08-02,-6978.617086220809
2017-08-03,11215.725538449293
2017-08-04,4022.6919537017498
2017-08-07,-12805.914433869228
2017-08-08,3834.43837883433
2017-08-09,-4394.292833265596
2017-08-10,8520.374308689114
2017-08-11,-319.99776776318333
2017-08-14,4703.76581822692
2017-08-15,-5210.334669362251
2017-08-16,-2723.5136497970198
2017-08-17,8973.61821522975
2017-08-18,-2074.7878031814703
2017-08-21,2333.147392803794
2017-08-22,1259.063340983936
2017-08-25,-10725.714420871856
2017-08-30,-3378.9452943002407
2017-08-31,-8141.812097111697
2017-09-01,1079.7866915074922
2017-09-06,714.187120867961
2017-09-07,5900.319717686234
2017-09-08,8876.456375742426
2017-09-11,-14446.92191853139
2017-09-12,-7131.671471331811
2017-09-13,6348.330210640573
2017-09-14,-4776.567889780569
2017-09-15,-5041.249707555411
2017-09-20,1784.6162754281988
2017-09-21,-10543.224642769726
2017-09-22,13843.860491473084
2017-09-25,3035.3934887643495
2017-09-26,-9716.28565926177
2017-09-27,-6392.370926002314
2017-09-28,198.33892124019735
2017-09-29,1860.9703199085818
2017-10-04,-2940.42339644451
2017-10-11,7941.995194070567
2017-10-12,5825.809508325876
2017-10-13,-7462.64326390158
2017-10-16,-10474.540885543925
2017-10-17,-3292.5249718603955
2017-10-18,-3119.317795478499
2017-10-19,10886.165688942072
2017-10-20,-3749.4539235532707
2017-10-23,-5163.942586532376
2017-10-24,-5730.139268122395
2017-10-25,2740.5978149014054
2017-10-26,12321.54831038399
2017-10-27,-33864.05269914412
2017-10-30,-2566.280068096942
2017-10-31,7422.063525469272
2017-11-01,-12141.037942526134
2017-11-02,-2701.882865488475
2017-11-03,1573.0246077394036
2017-11-06,-5845.855452142618
2017-11-07,-18820.661296533355
2017-11-08,830.0221443398151
2017-11-09,-5652.4692027784995
2017-11-10,6492.323341242459
2017-11-13,6817.521013733837
2017-11-14,-1896.7179882220973
2017-11-15,28316.014161103776
2017-11-17,-22119.574195592308
2017-11-20,-6051.243443979932
2017-11-21,-11106.291811814368
2017-11-22,-7951.95554295527
2017-11-27,13085.353280739395
2017-11-28,-5027.78693446048
2017-11-29,-8172.557933978492
2017-11-30,1813.113526613259
2017-12-01,4707.3417285445485
2017-12-04,3950.7306867723246
2017-12-05,10452.477937300933
2017-12-06,15585.49278619853
2017-12-07,-12901.606859724874
2017-12-08,-14524.66224519064
2017-12-11,-7805.9248416668315
2017-12-12,8854.549911157255
2017-12-13,-11287.593200764766
2017-12-14,10156.077006686754
2017-12-15,-4130.63051524428
2017-12-18,-12153.08051119773
2017-12-19,2568.1840766808737
2017-12-20,4860.179408134573
2017-12-21,5631.569532895836
2017-12-22,-7465.996045656006
2017-12-28,1511.7307945263458
2017-12-29,3705.175312727601
2018-01-05,2922.992308254024
2018-01-10,-8307.422882572939
2018-01-11,-6511.870352882472
2018-01-12,5236.998599013967
2018-01-17,-2859.5332510365793
2018-01-18,-2923.219783676999
2018-01-19,2115.4015757578686
2018-01-22,-4249.21854971448
2018-01-23,-14694.756642736127
2018-01-24,2397.0870204491644
2018-01-25,15291.707058509366
2018-01-26,-9468.11995595444
2018-01-29,5262.858289322691
2018-01-30,9771.289098446972
2018-01-31,1974.7206773063663
2018-02-01,-4490.240913903605
2018-02-02,21140.375934058517
2018-02-05,27264.140405347436
2018-02-06,11532.952221560412
2018-02-07,19554.026238562994
2018-02-08,-14387.173298302185
2018-02-09,8420.740457722393
2018-02-14,-8792.377569268214
2018-02-15,-12929.155613987261
2018-02-21,-11615.719366663754
2018-02-22,6495.304242006431
2018-02-23,-13640.248771395263
2018-02-26,-15231.902864107935
2018-02-27,7750.806924284345
2018-02-28,9005.635268442185
2018-03-01,-2889.273276801393
2018-03-02,14578.298417806824
2018-03-05,19365.011301102903
2018-03-06,-12975.393869716338
2018-03-07,17914.69533456166
2018-03-08,-5543.366943102846
2018-03-09,-26549.265828996184
2018-03-12,-13716.673218883765
2018-03-13,-4774.782754666146
2018-03-14,15835.38565167795
2018-03-15,-3297.3717788272643
2018-03-16,-1444.0269700629776
2018-03-19,525.8363439481961
2018-03-20,11691.160529205588
2018-03-23,32420.44541432872
2018-03-26,-20290.36361330894
2018-03-27,13895.378595988499
2018-03-28,15952.50426410255
2018-03-29,-13875.84808587809
2018-04-04,3681.355890848035
2018-04-09,-8096.337796779901
2018-04-10,-9104.033619638665
2018-04-11,8482.275166376108
2018-04-12,436.38423905146897
2018-04-13,-3923.8082366160925
2018-04-16,2971.258033187943
2018-04-17,7127.714976804275
2018-04-18,-11009.81397061717
2018-04-19,-4441.676137803564
2018-04-20,5070.445496465506
2018-04-23,800.413637862421
2018-04-24,-5829.465915509913
2018-04-25,5702.379605839036
2018-04-26,-5529.462992962887
2018-04-27,-15211.58509754005
2018-05-09,-10016.030568281301
2018-05-10,-9256.842721184788
2018-05-11,-4780.413998901974
2018-05-14,-4225.9946731669515
2018-05-15,10674.87894914959
2018-05-16,-10047.972176862033
2018-05-17,3122.369501986274
2018-05-18,-4683.349707892744
2018-05-21,-8848.307193693587
2018-05-24,-11937.770610116362
2018-05-25,3738.327619830778
2018-05-30,-5272.111148744193
2018-05-31,6417.098416552645
2018-06-01,4143.395652641409
2018-06-04,-14336.12612105858
2018-06-05,3476.6478829800994
2018-06-06,-6428.43039473864
2018-06-07,208.47986087901293
2018-06-08,7517.317141682158
2018-06-11,-2754.0608734640405
2018-06-12,-1535.0954454856292
2018-06-13,4052.5611198754423
2018-06-14,17891.805286026993
2018-06-15,-34619.03242112478
2018-06-20,-16680.278131852443
2018-06-21,4549.141867564037
2018-06-22,10625.448673117962
2018-06-25,12051.35296277457
2018-06-26,4478.164116920338
2018-06-27,15481.836929765273
2018-06-28,-20512.441280915536
2018-06-29,-3429.300624182851
2018-07-06,-6442.30956189509
2018-07-09,-6588.835179352119
2018-07-10,949.5411317508981
2018-07-11,4953.441833003107
2018-07-12,-11438.280571241732
2018-07-13,-5984.064278530817
2018-07-16,-709.5566188305136
2018-07-17,6671.1211018435915
2018-07-18,1515.397842398111
2018-07-19,4421.70365902766
2018-07-20,-497.2592420058071
2018-07-23,8829.721185355402
2018-07-24,-13821.699172015984
2018-07-25,-14250.41164096996
2018-07-26,10160.241441817798
2018-07-27,-8291.19062168213
2018-07-30,6138.756015610317
2018-07-31,7101.946451359132
2018-08-01,488.6076174588228
2018-08-02,7457.725543978573
2018-08-03,-10042.528941074708
2018-08-06,-8682.01789141374
2018-08-07,-11694.989011621095
2018-08-08,4450.078518426643
2018-08-09,-5068.80977611584
2018-08-10,-4062.278292681609
2018-08-13,-934.4238926430464
2018-08-14,-9837.458240260148
2018-08-15,2193.6360258981613
2018-08-16,453.2750503491608
2018-08-17,-3015.0413345756597
2018-08-20,2415.3540638686973
2018-08-21,1684.4282347091387
2018-08-22,7496.473897926771
2018-08-23,4965.5683683273
2018-08-24,-5869.072013652988
2018-08-29,-1894.1843805017395
2018-08-30,9817.760940519209
2018-08-31,-7818.623583311816
2018-09-05,8740.944504691752
2018-09-06,8161.058471307961
2018-09-07,-1951.5985293419496
2018-09-10,-192.80838344732308
2018-09-11,528.5226640993839
2018-09-12,5255.312688179536
2018-09-13,-18597.32540092626
2018-09-14,1723.3070992350495
2018-09-19,-7918.651751310243
2018-09-20,-1572.3311307769698
2018-09-21,3155.313448822967
2018-09-27,3499.016959213429
2018-09-28,-22347.262818230614
2018-10-03,2926.9353534012025
2018-10-04,1933.605519259583
2018-10-05,5400.003883236746
2018-10-10,7429.358821353484
2018-10-11,38900.6197377528
2018-10-12,-14144.894458193668
2018-10-15,16500.861929111496
2018-10-16,-7220.037204942843
2018-10-19,-5928.059438241465
2018-10-22,-8463.295407113357
2018-10-23,19143.83383993934
2018-10-24,12579.781038537869
2018-10-25,8085.376608695465
2018-10-26,8367.797241778875
2018-10-29,4818.453964077477
2018-10-30,-10112.32015595884
2018-10-31,-16917.378561987756
2018-11-01,-11153.4759100993
2018-11-02,-19560.338253804446
2018-11-05,16076.453952898843
2018-11-06,-9278.254793711652
2018-11-07,-164.7908575837663
2018-11-08,-9164.416220875451
2018-11-09,15814.44628957144
2018-11-12,-511.9794715820015
2018-11-13,-1976.586497825392
2018-11-14,13590.426659304274
2018-11-15,-16366.872711872154
2018-11-16,-460.359088253703
2018-11-19,7061.454395719226
2018-11-20,20675.264909005808
2018-11-21,-5090.831654406683
2018-11-27,-2019.6043996269843
2018-11-28,-26554.80065540596
2018-11-29,12866.623238229593
2018-11-30,-5695.589658053475
2018-12-03,-23642.831628605913
2018-12-04,27945.938673793247
2018-12-07,15744.344389625478
2018-12-10,9670.481511245884
2018-12-11,4198.2649185504515
2018-12-12,-16206.68116730213
2018-12-13,-6396.189440496113
2018-12-14,25624.44658276592
2018-12-17,-6762.7473278751295
2018-12-18,12204.068643816627
2018-12-19,13761.403447984461
2018-12-20,18053.383650012303
2018-12-21,15853.070329509093
2018-12-28,17160.973826186706
2019-01-07,-13641.069317447917
2019-01-08,2620.2877938531005
2019-01-09,-18537.182013659985
2019-01-10,15162.659012480208
2019-01-11,-11847.29587621646
2019-01-16,-3902.6804895992755
2019-01-17,-465.0342645047092
2019-01-18,-10439.498451896277
2019-01-23,-799.4676828928796
2019-01-24,3686.543590315843
2019-01-25,-22646.31883038028
2019-01-28,14711.38624570173
2019-01-29,6496.776786115369
2019-01-30,-2877.7445289897514
2019-01-31,-8686.397735840881
2019-02-01,-3214.2435190200235
2019-02-04,-572.3227323982519
2019-02-13,-5493.335822728774
2019-02-14,-6511.765854322883
2019-02-15,17381.141866279548
2019-02-20,-3158.5059196732623
2019-02-21,1934.9238706686324
2019-02-22,-5955.085262656427
2019-02-25,-3903.0795735525717
2019-02-26,10361.36424963632
2019-02-27,-3289.22068927153
2019-02-28,7644.479806037227
2019-03-01,-12497.218679528529
2019-03-04,-90.28511800659714
2019-03-05,-3052.227454299241
2019-03-06,-203.23316238857535
2019-03-07,9583.923287326963
2019-03-08,-52.840641319795736
2019-03-11,-8054.828164918922
2019-03-12,-12924.897640946847
2019-03-13,10588.264622263396
2019-03-14,9452.920632386054
2019-03-15,-3401.643151670103
2019-03-18,-10620.462945972155
2019-03-19,613.6516355166672
2019-03-20,1775.5090752719857
2019-03-25,9686.761511088938
2019-03-26,-9506.073189392062
2019-03-27,-3210.9888625124377
2019-03-28,1069.7635604322782
2019-03-29,-9886.023384669938
2019-04-01,-15733.596631886632
2019-04-02,792.3660706378686
2019-04-03,-8863.77226498215
2019-04-04,5475.552157581396
2019-04-09,2443.813832130015
2019-04-10,3090.9641564763724
2019-04-11,5228.514299088438
2019-04-12,-8237.32066069574
2019-04-15,4787.344582136065
2019-04-16,-4658.152849204674
2019-04-17,-1722.9610260647219
2019-04-18,10920.416801396772
2019-04-24,-1590.8649706964422
2019-04-25,-6709.947785348911
2019-04-26,-8616.284131391469
2019-05-08,12335.753593684067
2019-05-09,9499.197087673178
2019-05-10,-2114.202752478571
2019-05-15,-8053.053131015381
2019-05-16,3187.073676974077
2019-05-17,1719.8919413643896
2019-05-20,-726.2065769006864
2019-05-21,-234.33189393290075
2019-05-24,2601.393284386051
2019-05-29,696.8060684577121
2019-05-30,3292.027889398241
2019-05-31,13495.524149054309
2019-06-03,5266.925521276473
2019-06-04,650.4296517219987
2019-06-05,-11925.22780887008
2019-06-06,-7251.864100999531
2019-06-11,-2175.89690033592
2019-06-12,11834.928041167901
2019-06-13,-4305.470250252724
2019-06-14,-2767.7370429897232
2019-06-17,-10815.473490003316
2019-06-18,665.0706590905736
2019-06-19,-25481.115992393992
2019-06-20,-9484.143148480225
2019-06-21,8690.119284891432
2019-06-24,9276.745756583787
2019-06-25,12837.074237327302
2019-06-26,-2988.0050021804436
2019-06-27,-11670.529901451242
2019-06-28,2735.369645480927
2019-07-03,-1183.74797103673
2019-07-08,10371.339364083942
2019-07-09,-1195.3040523910431
2019-07-10,-3393.4828752203052
2019-07-11,-2219.7048838691626
2019-07-12,-2525.8861892786517
2019-07-17,917.901457060826
2019-07-18,9880.57005765447
2019-07-19,-10793.81362747725
2019-07-22,7139.795447922545
2019-07-23,-6150.36409104877
2019-07-24,-11198.387016946974
2019-07-25,-5023.2404052175925
2019-07-26,7828.650598148937
2019-07-29,4152.2866973273485
2019-07-30,-4635.932329543657
2019-07-31,14988.287972698296
2019-08-01,-1701.864906406598
2019-08-02,4759.090304865777
2019-08-05,25859.881434572057
2019-08-06,10751.40146613541
2019-08-07,608.6058792366348
2019-08-08,-6351.600147048128
2019-08-09,-4317.861062567128
2019-08-14,1552.8895323732734
2019-08-15,-8825.93992347382
2019-08-16,-10620.07219102197
2019-08-19,-15683.861389227639
2019-08-20,-1255.0613618215502
2019-08-21,730.7404568987054
2019-08-22,1990.5595954742262
2019-08-23,2915.9994317204273
2019-08-28,-5227.659854016842
2019-08-29,-1800.9099360435978
2019-08-30,-6050.90873969547
2019-09-04,-22062.771030089338
2019-09-05,-1356.7226383223021
2019-09-06,-2653.3849720087314
2019-09-09,-6286.145138213498
2019-09-10,4822.633969690786
2019-10-08,12122.769408636741
2019-10-10,3300.3076127464105
2019-10-11,-8073.798941763512
2019-10-16,-7404.870771714538
2019-10-17,-589.4160198072091
2019-10-18,7174.122622764624
2019-10-21,1391.9475669369424
2019-10-24,-1347.3750257984866
2019-10-25,-3725.6965159856
2019-10-28,-11042.41272539501
2019-10-29,1629.2196957871095
2019-10-30,4541.870082102068
2019-10-31,-4394.355783701423
2019-11-01,-6624.291118697256
2019-11-06,-3614.257318750153
2019-11-07,-3952.1807533000147
2019-11-08,-1935.5002291993687
2019-11-11,12678.051804773884
2019-11-12,-4590.038133121325
2019-11-13,8875.683504819077
2019-11-14,5070.564954808628
2019-11-15,-4471.724839887991
2019-11-18,-4858.847622593274
2019-11-19,-4490.824601231405
2019-11-20,6513.148087245455
2019-11-21,7626.463172635592
2019-11-22,-4167.168899902874
2019-11-25,-16617.708537964245
2019-11-26,-16.838476587403193
2019-11-27,-1305.864390333523
2019-12-02,-9941.910820525623
2019-12-03,7730.00663464291
2019-12-04,14709.449295729768
2019-12-05,-6317.425490271704
2019-12-06,1323.671972300361
2019-12-09,-6340.4505355031315
2019-12-10,787.3535420910646
2019-12-11,-1146.0063029505538
2019-12-12,-7282.413184964709
2019-12-13,-12346.246961879742
2019-12-16,-734.6041655527954
2019-12-17,-10457.609238839023
2019-12-18,3775.960141196538
2019-12-19,-4043.976330435842
2019-12-20,2042.5041305475047
2019-12-23,-7195.082328636489
2019-12-24,1283.8716377234457
2019-12-30,11100.82172897166
2020-01-07,-986.6826240072483
2020-01-08,3980.0650128744223
2020-01-09,-22349.99282420411
2020-01-10,-3588.6799330447234
2020-01-15,2417.6359104773046
2020-01-16,-2704.349039065016
2020-01-17,-5604.00225451507
2020-01-22,-12911.22288435559
2020-01-23,7924.985113116142
2020-01-24,3428.5229638554483
2020-01-30,13171.905051170019
2020-01-31,14.677611888276317
2020-02-03,8256.436105473435
2020-02-04,-8059.917180481081
2020-02-05,-4614.1888692450875
2020-02-06,-26802.277151571965
2020-02-07,1534.6735713325352
2020-02-10,-3056.2481880070986
2020-02-13,-2500.5545806710484
2020-02-14,-4634.45155298606
2020-02-19,-11982.68497652705
2020-02-20,3271.7460055409088
2020-02-21,9561.08978722346
2020-02-26,9687.24441989964
2020-02-27,13058.374911411593
2020-02-28,26675.352186677705
2020-03-02,-32260.68682218056
2020-03-03,47074.10922057735
2020-03-04,-20242.543559864564
2020-03-05,-6183.512750543697
2020-03-06,16578.917242264728
2020-03-09,53595.78857006787
2020-03-10,-42021.03174674554
2020-03-11,33025.917911002376
2020-03-12,23645.50479671559
2020-03-13,-10222.658198309136
2020-03-16,79166.66824531366
2020-03-17,-24597.81455920639
2020-03-18,17882.753075943492
2020-03-19,36698.53023003557
2020-03-24,-50426.32397664114
2020-03-25,-42777.32499669277
2020-03-26,15018.335121935776
2020-03-27,-10493.786176958249
2020-03-30,16231.381779631844
2020-03-31,127.51133588079028
2020-04-01,40670.06229844898
2020-04-02,-12048.902356093207
2020-04-03,-9126.866674297406
2020-04-06,-50648.38854762206
2020-04-07,-8673.006960979075
2020-04-08,-9067.648457829346
2020-04-09,-9137.353894949725
2020-04-15,8772.131635041333
2020-04-16,5266.476986715147
2020-04-17,-31175.51611595923
2020-04-20,23858.816762926384
2020-04-21,19849.957081539542
2020-04-22,4372.254703371276
2020-04-23,-12966.386650596962
2020-04-24,-12619.811182784548
2020-04-27,-19389.59694696955
2020-04-28,4586.2118136321005
2020-05-12,16400.747716001795
2020-05-13,6641.0219088700715
2020-05-14,-8576.945596316082
2020-05-15,-3590.8113487969995
2020-05-18,-1089.9762960585228
2020-05-19,531.1522117639911
2020-05-20,-332.83712932682874
2020-05-21,5571.08955241266
2020-05-22,27330.864402202922
2020-05-27,-2666.262100188122
2020-05-28,7494.691969100067
2020-05-29,4107.244611658121
2020-06-01,-10883.503679007556
2020-06-02,-11018.665158507203
2020-06-03,8258.202721604177
2020-06-04,5064.816580952947
2020-06-05,-846.3406209744956
2020-06-08,-19224.461403023102
2020-06-09,-10932.012371068842
2020-06-10,1115.0108856566767
2020-06-11,37685.6945531676
2020-06-12,-7060.5876300169375
2020-06-15,18369.901728877263
2020-06-16,-17564.83077907822
2020-06-17,-2950.9394584898637
2020-06-18,-6547.69346466475
2020-06-19,-3760.8160220767063
2020-06-22,-6530.904985908525
2020-06-23,9787.688656737233
2020-06-24,3328.952111417898
2020-06-29,7065.2714031809155
2020-06-30,-11779.449072117905
2020-07-07,20266.291067023096
2020-07-08,-10234.367074155061
2020-07-09,1240.2156326091779
2020-07-10,5294.1843911381575
2020-07-13,1208.664489474694
2020-07-14,4379.220747491255
2020-07-15,-994.3599127623265
2020-07-16,11782.95885380853
2020-07-17,-3114.8298208971373
2020-07-20,6903.869055557711
2020-07-21,-12047.629424971914
2020-07-22,12865.595776680906
2020-07-28,14133.115618047592
2020-07-29,-11928.587444540362
2020-07-30,1473.0151584416692
2020-07-31,18195.226445887758
2020-08-03,-7045.737890015029
2020-08-04,-22481.114932817763
2020-08-05,3316.5449340666405
2020-08-06,5332.10170459769
2020-08-07,10952.543701906105
2020-08-12,-5835.348906075534
2020-08-13,-3532.5481308448984
2020-08-14,-4992.944620265303
2020-08-17,3931.533981189998
2020-08-18,-3269.464857187933
2020-08-19,10533.73589532721
2020-08-20,-4921.381584216321
2020-08-21,-8531.681588550236
2020-08-24,-14684.228241642717
2020-08-25,-8557.479199956171
2020-08-26,8012.973434574793
2020-08-27,69.68993544013256
2020-08-28,-3038.221526684595
2020-09-02,-2967.5404010536654
2020-09-03,-3123.235441513429
2020-09-04,5353.367710873431
2020-09-09,191.6439756820077
2020-09-10,12656.837200446851
2020-09-11,-3982.5384472471883
2020-09-14,-10152.394195875902
2020-09-15,2168.624241382802
2020-09-16,-1157.4285137544516
2020-09-17,3549.505860782975
2020-09-18,4414.186486897977
2020-09-24,4136.278628311883
2020-09-25,-6236.011774988997
2020-09-28,-14585.81421587874
2020-09-29,9017.63306278765
2020-09-30,6701.402902252958
2020-10-06,7761.212114032924
2020-10-07,-21318.59295676209
2020-10-08,2396.8907572016205
2020-10-09,4058.336044253779
2020-10-12,-9157.868980925887
2020-10-15,1920.5733788687132
2020-10-16,-412.8874073671569
2020-10-19,-1292.1727685615995
2020-10-20,5337.573588711304
2020-10-21,-973.6332777848588
2020-10-22,-4413.145980879139
2020-10-23,-8514.131965152741
2020-10-28,5467.346180658451
2020-10-29,-7232.6230388948015
2020-10-30,15456.099512456334
2020-11-02,-16191.351541136988
2020-11-05,-32626.858027534443
2020-11-06,2964.344510009028
2020-11-09,3368.0130448827254
2020-11-10,-7018.483146342062
2020-11-11,-5491.975487424088
2020-11-12,-250.01744461251815
2020-11-13,-5485.905318893654
2020-11-16,-13250.870025437607
2020-11-17,-315.5466876646483
2020-11-18,7596.996269474081
2020-11-19,-3852.4848691778298
2020-11-20,10432.806323349301
2020-11-25,3137.8983935076753
2020-11-30,17826.11068413054
2020-12-01,-15171.70109855878
2020-12-02,16133.283622287621
2020-12-03,1502.7330523272658
2020-12-04,-189.87387565243395
2020-12-07,9852.450344400255
2020-12-08,1262.5221389212372
2020-12-09,-3755.0302863827983
2020-12-10,-462.27469636372
2020-12-11,4754.772540966114
2020-12-14,-266.6677052956021
2020-12-15,3465.328991285038
2020-12-16,-4245.576529445183
2020-12-17,-1203.9993444955448
2020-12-18,12605.196303703548
2020-12-21,-10378.623884307173
2020-12-22,17800.716003538506
2020-12-23,-7520.169214769527
2020-12-24,-569.9480355462498
2020-12-30,-7400.699439647486
2021-01-05,-3004.7875017678443
2021-01-06,5780.049656909689
2021-01-07,-7612.408131372663
2021-01-08,-19332.278302670587
2021-01-13,-406.5520003371372
2021-01-14,-3003.692427559778
2021-01-15,22.592216180002538
2021-01-20,4303.063117064949
2021-01-21,-4381.298819297659
2021-01-22,15393.898884237413
2021-01-25,-17612.408764753025
2021-01-26,15704.239378140715
2021-01-27,6691.514077291706
2021-01-28,11483.524778513613
2021-01-29,17220.04044634876
2021-02-01,-16023.801653739845
2021-02-02,-19968.381586497897
2021-02-03,-8982.855395668736
2021-02-04,3034.621744495499
2021-02-05,-19883.453724892144
2021-02-08,-1455.2603672223474
2021-02-09,-4510.610511623836
2021-02-10,-5360.508719583775
2021-02-17,-8641.845072621898
2021-02-18,-2308.607442786078
2021-02-19,12826.810129935791
2021-02-22,5785.221166017412
2021-02-25,3550.9376537248318
2021-02-26,31250.13190141354
2021-03-01,-30134.515380152967
2021-03-02,9918.676125901053
2021-03-03,-5133.116149335496
2021-03-04,20941.029574226228
2021-03-05,-14944.520339570927
2021-03-08,20271.852742457173
2021-03-09,-15653.777368356941
2021-03-10,235.86376080482592
2021-03-11,-9293.559784913516
2021-03-12,4966.7469933572975
2021-03-15,-6131.804534844193
2021-03-16,-4452.990244145589
2021-03-17,-6789.808004700633
2021-03-18,6814.823669411202
2021-03-19,6084.4189821583295
2021-03-22,6081.806244702599
2021-03-23,17163.538955360993
2021-03-24,13548.363156024618
2021-03-25,-10655.939345693281
2021-03-26,-18680.007537702728
